Year;Happiness Score;Economy (GDP per Capita);Family;Health (Life Expectancy);Freedom;Trust (Government Corruption);Generosity
2015;5.375734177;85%;99%;63%;43%;14%;24%
2016;5.382184713;95%;79%;56%;37%;14%;24%
2017;5.354019356;98%;119%;55%;41%;12%;25%
2018;5.375916667;89%;121%;60%;45%;11%;18%
2019;5.407096154;91%;121%;73%;39%;11%;18%
